title, views_mm, like_perc, duration
Kim Kardashian Sex Tape with Ray J, 279, 65, 5:00
Horny teen fucked his stepmom, 210, 71, 16:36
Playing a New Game With Hot Step Sister - Anastasia Knight - Family Therapy - Alex Adams, 208, 78, 28:50
fucking hot, 165, 75, 22:04
Redhead teacher teaches student with big cock a lesson, 154, 68, 13:03
Step Sis - Lana Rhoades Big Ass Bouncing On My Cock, 151, 73, 11:57
Stepson Fucked His Stepmom, 150, 81, 19:39
I Fuck My StepSister And She Makes Me Cum Inside Her Pussy, 149, 89, 32:41
"BRAZZERS - Lana Rhoades will use her throat, pussy, ass and feet to satisfy", 142, 78, 28:34
Kimmy Granger Likes it Rough, 126, 74, 12:04
StepSiblingsCaught - Making My Step Sis Cum Has Her Wanting More, 116, 68, 9:55
Kim K Sex Tape Part 2 - PornHub Exclusive, 112, 60, 5:10
stepMomsTeachSex - stepmom & stepson Share Bed & Fuck S7:E3, 111, 69, 23:02
step Brother Fucks step Sister Right Next To ! S3:E11, 102, 72, 9:00
Mom And StepSon's Late Night - Lexi Luna - Family Therapy, 101, 71, 14:17
ğŸ”¥â¤ï¸ PervMom - Big Ass Step Mom Cheats With Her Huge Cock Stepson, 100, 75, 12:31
Horny lover fucks hot teen butt from behind, 96.6, 69, 7:05
"Incredibly beautiful woman with big tits makes love, the best porn video", 90.7, 74, 19:52
Tries a big cock inside her tight pussy - Eva Elfie, 90.4, 73, 21:46
StepSiblingsCaught - Step Sisters Ripped Yoga Pants S8:E5, 88, 76, 12:01
ğŸ”¥â¤ï¸ - Horny step Sis Has A Thick Ass, 85.3, 72, 9:55
ğŸ”¥â¤ï¸ SisLovesMe - Morning Wood Sucked By Stepsister, 80.5, 73, 10:14
ğŸ”¥â¤ï¸ BFFS - Fooling around with my Step- Sister & Friends, 80.2, 74, 8:04
Hot step-Sister Teases Step Brother With Her Perfect Big Tits S7:E1, 78.5, 66, 11:43
ğŸ”¥â¤ï¸ SisLovesMe - Step-Sis promises to be a good girl in bed, 78.3, 75, 8:45
ğŸ”¥â¤ï¸ SisLovesMe - Surprised My Stepsis With Cock, 77.7, 70, 9:27
Fake Hostel Two hot girls get stuck under a bunk bed, 77.1, 75, 12:59
MomsTeachSex - Jerking Off To My Step Mom And She Wakes Up! S9:E6, 77.1, 71, 11:31
EXTREME ANAL ORGASMS - SQUIRTING | SCREAMING | CLIMAXING | CUM, 76.3, 83, 10:10
Lesbian stepsisters Better Not get Caught by stepdad!, 75.7, 76, 10:52
CUM4k Step daughter MULTIPLE dripping inseminations with creampie, 75.4, 70, 10:25
ğŸ”¥â¤ï¸ FamilyStrokes - Stepdaughter Gets Fucked, 74.2, 71, 10:24
"â¤ï¸My Friend has a good sense of humor, so while we are in quarantine, I'll play a few pranks on her", 73.4, 90, 45:12
NuruMassage stepson Fully Serviced by stepmom FULL SCENEEE, 73, 77, 23:34
Brazzers House Season 3 Ep3 Abella Danger hosts an insane orgy fuck fest, 73, 74, 71:48
Boyfriend trashes parents room and fucks sexy green eyed Girlfriend, 72.2, 80, 16:12 
ğŸ”¥â¤ï¸Teamskeet - Supportive Stepmom Reena Sky Taught Innocent Stepson How To Pleasure His Girlfriend, 69.7, 89, 48:37
ğŸ”¥â¤ï¸ BFFS - Fucked All My Sisters Friends During over, 69.3, 72, 8:14
Nympho stepsister cum twice on stepbrother's Cock - Amateur Reislin, 68.9, 73, 14:26
"Brazzers - Katie Kush Can't Decide Who To Fuck With, Aubree Valentine Or Her Bf.. What Will She Do?", 68.5, 91, 39:27
Friends sisters little ass filled with my cum on snap, 68.4, 76, 4:33
milf into sex by horny step son- This pussy is for your step dad only, 67.2, 73, 15:47
Fuck me hard until you cum into me (creampie) - SolaZola, 66.1, 70, 20:46
Why step sisters are such whores!? - LittleReislin, 65.4, 76, 9:57
Big Tit 19 Autumn Falls, 65.3, 79, 10:42
ğŸ”¥â¤ï¸SisLovesMe - Horny Stepsis Helps me Cum, 65.2, 75, 12:00
Cherie Deville Tries Swapping, 65.2, 88, 38:13
"Step Bro "Don't people get hard at nudist camps?" S17:E8", 65, 89, 23:19
ğŸ”¥â¤ï¸FamilyStrokes - Teen Stepsiblings Fuck in Front of Stepmom, 64.4, 72, 10:28
PropertySex - Sex addict tenant with big tits fucks landlord, 64, 71, 12:00