search_term,year
Donald Trump,2015
Bernie Sanders,2015
Ben Carson,2015
Ted Cruz,2015
Deez Nuts,2015
John Boehner,2015
Marco Rubio,2015
8 minute back workout,2016
Zdeno Chára,2016
"Wants and Needs, Drake",2021
Fruit Roll-Ups trend,2023
"Bzrp Music Sessions, Vol. 53 - Shakira",2023
"Red, White & Royal Blue - Casey McQuiston",2023
American Prometheus - Kai Bird and Martin J. Sherwin,2023
Dill pickle chicken salad recipe,2024
Boston Red Sox,2021
Los Angeles Lakers,2021
Joe Biden,2024
Refrigerator pickle brine recipe,2024
Pickled cucumber salad recipe,2024
Justin Timberlake,2024
Drake,2024
Kendrick Lamar,2024
Usher,2024
Cleveland Guardians,2024
San Diego Padres,2024
Indiana Fever,2024
Minnesota Timberwolves,2024
Boston Celtics,2024
New York Mets,2024
Los Angeles Dodgers,2024
New York Yankees,2024
Jake Paul,2024
Simone Biles,2024
House of the Dragon,2024
Olympics,2024
Election,2024
Mike Tyson,2024
Kamala Harris,2024
Donald Trump,2024
James Earl Jones,2024
Connections,2024
Sam Smith,2023
Joe Jonas,2023
Jason Aldean,2023
Everything Everywhere All at Once,2023
Antonio Brown,2022
Aaron Carter,2022
San Diego Padres,2022
Los Angeles Rams,2022
Golden State Warriors,2022
Boston Celtics,2022
Mega Millions,2022
Election results,2022
Shaun White,2022
Aaron Judge,2022
Jada Pinkett Smith,2022
Stranger Things,2022
Euphoria,2022
Simone Biles,2021
Cobra Kai,2021
Lil Nas X,2021
Adele,2021
Travis Scott,2021
Olivia Wilde,2021
Pete Davidson,2021
Mega Millions,2021
Atlanta Hawks,2021
Houston Astros,2021
Los Angeles Dodgers,2021
Los Angeles Clippers,2021
Milwaukee Bucks,2021
Lizzo,2020
Adele,2020
Chadwick Boseman,2020
Boston Bruins,2020
Philadelphia Flyers,2020
Dallas Stars,2020
Miami Heat,2020
Boston Celtics,2020
Super Tuesday,2020
Kanye West,2020
Joaquin Phoenix,2020
Black Panther,2020
Derrick Henry,2020
Mike Pence,2020
Caitlyn Jenner,2019
Lady Gaga,2019
Miley Cyrus,2019
Ted Cruz,2018
Cleveland Cavaliers,2018
Houston Rockets,2017
Donald Trump,2016
James Rodríguez,2016
Zlatan Ibrahimović,2016
Lionel Messi,2016
Chicago Cubs,2016
James Franco,2016
Kim Kardashian,2016
Marco Rubio,2016
Ted Cruz,2016
Bernie Sanders,2016
Cleveland Cavaliers,2016
Hello,2016
Sangria,2016
Big back,2024
Brat,2024
Roman empire,2024
Coquette,2024
Hear me out,2024
17 diapers,2024
Give me my money,2024
Blue nail theory,2024
Ladder theory,2024
Men's first love theory,2024
Let them theory,2024
Birth order dating theory,2024
Taxi cab theory,2024
Invisible string theory,2024
October theory,2024
Orange peel theory,2024
Burnt toast theory,2024
Call of Duty: Black Ops 6,2024
Wuthering Waves,2024
Dragon's Dogma II,2024
Block Blast!,2024
Black Myth: Wukong,2024
Sprunki,2024
Palworld,2024
Infinite Craft,2024
Strands,2024
Water bath pickles recipe,2024
Pickle peppers recipe,2024
Pickle sandwich recipe,2024
Pickled banana peppers recipe,2024
Dill pickle bread recipe,2024
Chia water,2024
Sleepy girl mocktail,2024
Onion boil,2024
Logan cucumbers,2024
Dubai chocolate bar,2024
Dense bean salad,2024
Tini's mac and cheese,2024
Tanghulu,2024
Olympics chocolate muffins,2024
Please Please Please - Sabrina Carpenter,2024
Espresso - Sabrina Carpenter,2024
But Daddy I Love Him - Taylor Swift,2024
"yes, and? - Ariana Grande",2024
Houdini - Eminem,2024
Fast Car - Tracy Chapman & Luke Combs,2024
Euphoria - Kendrick Lamar,2024
Thick Of It - KSI,2024
meet the grahams - Kendrick Lamar,2024
Not Like Us - Kendrick Lamar,2024
Last Lap Tour,2024
Tucker Wetmore Tour,2024
Hit Me Hard and Soft: The Tour,2024
11:11 Tour,2024
Hot Girl Summer Tour,2024
Outlaw Music Festival Tour,2024
Queens of R&B Tour,2024
We Trust You Tour,2024
Short n' Sweet Tour,2024
Sweat Tour,2024
Tracy Chapman,2024
Chappell Roan,2024
Drake Bell,2024
Sabrina Carpenter,2024
Ingrid Andress,2024
Diddy,2024
3-2-1 method workout,2024
2-2-10 method workout,2024
Chair workout,2024
Croatian press workout,2024
Wolverine workout,2024
Boat workout,2024
28 day calisthenics workout,2024
LE SSERAFIM workout,2024
Indoor walking workout,2024
Somatic workout,2024
Indiana Pacers,2024
Dallas Mavericks,2024
Brandon Aiyuk,2024
Jordan Chiles,2024
Harrison Butker,2024
Caitlin Clark,2024
Anthony Edwards,2024
Scottie Scheffler,2024
Imane Khelif,2024
Your Honor,2024
Nobody Wants This,2024
Fool Me Once,2024
Shōgun,2024
The Perfect Couple,2024
Fallout,2024
Baby Reindeer,2024
Quiet on Set: The Dark Side of Kids TV,2024
Griselda,2024
Tracy Chapman grammys,2024
Chappell Roan VMA,2024
Gojira Olympics,2024
Katy Perry VMA,2024
Usher Super Bowl,2024
Celine Dion olympics,2024
Miley Cyrus Grammys,2024
Toby Keith last performance,2024
Ryan Gosling Oscars,2024
Raygun full performance,2024
Alien: Romulus,2024
Terrifier 3,2024
Despicable Me 4,2024
Deadpool & Wolverine,2024
Twisters,2024
Dune: Part Two,2024
Saltburn,2024
It Ends with Us,2024
Beetlejuice Beetlejuice,2024
Inside Out 2,2024
Brad Pitt and Angelina Jolie,2024
Common and Jennifer Hudson,2024
Kevin Costner and Jewel,2024
Kourtney Kardashian and Travis Barker,2024
Taylor Swift and Travis Kelce,2024
Abby and Brittany Hensel,2024
Ben Affleck and Jennifer Lopez,2024
Vanna White and Ryan Seacrest,2024
Justin and Hailey Bieber,2024
Blake Shelton and Gwen Stefani,2024
Jodie Foster,2024
Ella Purnell,2024
Adam Brody,2024
Barry Keoghan,2024
Hugh Jackman,2024
Shane Gillis,2024
Jeremy Allen White,2024
Glen Powell,2024
Jacob Elordi,2024
Katt Williams,2024
Hurricane Helene,2024
Heat advisory,2024
House election results,2024
Trump shot,2024
Project 2025,2024
Paralympics,2024
Hurricane Milton,2024
Copa América,2024
Jill Stein,2024
Tim Walz,2024
"Catherine, Princess of Wales",2024
JD Vance,2024
Maggie Smith,2024
Richard Simmons,2024
Carl Weathers,2024
Shannen Doherty,2024
Thomas Matthew Crooks,2024
Rich Homie Quan,2024
O. J. Simpson,2024
Liam Payne,2024
Toby Keith,2024
Olympic medal count,2024
Hurricane Milton tracker,2024
"Spare - Prince Harry, Duke of Sussex",2023
The Ritual - Shantel Tessier,2023
The Ballad of Songbirds and Snakes - Suzanne Collins,2023
Happy Place - Emily Henry,2023
Fourth Wing - Rebecca Yarros,2023
My Fault - Mercedes Ron,2023
Title 42 explained,2023
NBA In-Season Tournament explained,2023
Loki ending explained,2023
White Noise explained,2023
Beef explained,2023
Israel Palestine conflict explained,2023
Reptile explained,2023
Silo explained,2023
No One Will Save You explained,2023
The Menu explained,2023
Canada wildfires,2023
Idaho murder trial,2023
Maui fire,2023
Nashville shooting,2023
Maine shooting,2023
Hurricane Lee,2023
Hurricane Idalia,2023
Hurricane Hilary,2023
Titanic submarine,2023
War in Israel and Gaza,2023
Josh Hutcherson,2023
Ke Huy Quan,2023
Russell Brand,2023
Sophie Turner,2023
Jonathan Majors,2023
Pedro Pascal,2023
Eagles vs 49ers,2023
Colorado vs Oregon,2023
TCU vs Georgia,2023
Lakers vs Grizzlies,2023
Bills vs Bengals,2023
Jake Paul vs Nate Diaz,2023
Heat vs Nuggets,2023
Jake Paul vs Tommy Fury,2023
Lakers vs Nuggets,2023
Lakers vs Warriors,2023
Sexyy Red,2023
Kim Petras,2023
Kellie Pickler,2023
Matt Healy,2023
Peso Pluma,2023
Oliver Anthony,2023
Ice Spice,2023
Cocaine Bear,2023
Five Nights at Freddy's,2023
John Wick: Chapter 4,2023
Creed III,2023
The Super Mario Bros. Movie,2023
Guardians of the Galaxy Vol. 3,2023
Sound of Freedom,2023
Oppenheimer,2023
Barbie,2023
Jon Jones,2023
Mac McClung,2023
Will Levis,2023
Wander Franco,2023
One two buckle my shoe,2023
The waffle house new host,2023
Smurf cat,2023
Folding chair,2023
Grimace shake,2023
Bob Barker,2023
Suzanne Somers,2023
Ken Block,2023
Tina Turner,2023
Matthew Perry,2023
vampire - Olivia Rodrigo,2023
Miles Teller,2022
Ezra Miller,2022
Joseph Quinn,2022
Prince Philip,2021
Smashed potatoes,2021
Gigi Hadid pasta,2021
Cicada,2021
Squid Game cookie,2021
Deshaun Watson,2021
Sha'Carri Richardson,2021
Harry Potter,2021
Sage green,2021
"Easy on Me, Adele",2021
Bernie Sanders' mittens,2021
This and yap,2024
English or Spanish,2024
Demure,2024
Stimulus checks,2020
Unemployment,2020
August Alsina,2020
Activewear,2021
Phoenix Suns,2021
Atlanta Braves,2021
Dune,2021
Shang-Chi and the Legend of the Ten Rings,2021
Nicole Curtis,2015
Eddie Redmayne,2015
That's Racist,2015
Ben Zobrist,2015
Triceps workout,2016
Shoulder exercises,2016
Battlefield 1,2016
Guacamole,2016
Brock Osweiler,2016
Rachel McAdams,2016
Tottenham Hotspur F.C.,2016
Tonga Flag Bearer,2016
Orlando Shooting,2016
Linkin Park,2017
13 Reasons Why,2017
Virtual EDC rave,2020
Virtual classroom,2020
Virtual tours,2020
Virtual marriage,2020
Virtual baby shower,2020
Joe Biden,2020
Kamala Harris,2020
Boris Johnson,2020
Pete Buttigieg,2020
Mike Bloomberg,2020
Andrew Cuomo,2020
Chris Christie,2020
Andrew Yang,2020
Mitt Romney,2020
Ryan Newman,2020
Tom Brady,2020
Bubba Wallace,2020
Mike Tyson,2020
Rudy Gobert,2020
Drew Brees,2020
Tyson Fury,2020
Nate Robinson,2020
Delonte West,2020
Parasite,2020
1917,2020
Harley Quinn: Birds of Prey,2020
Little Women,2020
Just Mercy,2020
Bad Boys 3,2020
Sonic the Hedgehog,2020
Contagion,2020
Fantasy Island,2020
Tom Hanks,2020
Chris D'Elia,2020
Jada Pinkett Smith,2020
Timothée Chalamet,2020
Ricky Gervais,2020
Amber Heard,2020
Danny Masterson,2020
Ryan Dorsey,2020
Lea Michele,2020
Among Us,2020
Fall Guys: Ultimate Knockout,2020
Valorant,2020
Genshin Impact,2020
Ghost of Tsushima,2020
Animal Crossing,2020
Assassin's Creed Valhalla,2020
The Last of Us 2,2020
Madden NFL 21,2020
Jackbox,2020
Kim Jong Un,2020
Jacob Blake,2020
Shakira,2020
Vanessa Bryant,2020
WAP,2020
Entanglement,2020
Antebellum,2020
Pandemic,2020
Asymptomatic,2020
Coronavirus,2020
Iran,2020
Hurricane Laura,2020
Stock market,2020
Murder hornet,2020
Australia fires,2020
Kansas City Chiefs,2020
Los Angeles Clippers,2020
Washington Football Team,2020
Tampa Bay Buccaneers,2020
San Francisco 49ers,2020
Kobe Bryant,2020
Naya Rivera,2020
George Floyd,2020
Ruth Bader Ginsburg,2020
Eddie Van Halen,2020
King Von,2020
Kelly Preston,2020
Pop Smoke,2020
Ahmaud Arbery,2020
The Box,2020
Godzilla,2020
GOOBA,2020
Break My Stride,2020
This Is For Rachel,2020
Say So,2020
Yummy,2020
Heather,2020
ROXANNE,2020
Coronavirus update,2020
Coronavirus symptoms,2020
Zoom,2020
Who is winning the election,2020
PlayStation 5,2020
Doja Cat,2020
Grimes,2020
Van Halen,2020
Tamar Braxton,2020
Quando Rondo,2020
Tory Lanez,2020
Kim and Kanye,2021
Bill and Melinda Gates,2021
Kim Kardashian and Pete Davidson,2021
Kanye and Jeffree Star,2021
Taylor Swift and Jake Gyllenhaal,2021
JLo and A-Rod,2021
Tom Holland and Zendaya,2021
Jennifer Aniston and David Schwimmer,2021
Ben Affleck and JLo,2021
Selena Gomez and Chris Evans,2021
Hand soap,2021
Leather jacket,2021
Denim,2021
Sandals,2021
Cleaning products,2021
Engagement rings,2021
Swimwear,2021
Razors,2021
Pens,2021
Brooklyn Nets,2021
Black Widow,2021
Eternals,2021
Halloween Kills,2021
Mortal Kombat,2021
Godzilla vs. Kong,2021
The Suicide Squad,2021
Space Jam,2021
In the Heights,2021
AMC Stock,2021
Stimulus Check,2021
Georgia Senate Race,2021
GME,2021
Dogecoin,2021
Hurricane Ida,2021
Kyle Rittenhouse Verdict,2021
Afghanistan,2021
Ethereum Price,2021
NBA,2021
DMX,2021
Gabby Petito,2021
Kyle Rittenhouse,2021
Brian Laundrie,2021
Squid Game,2021
Tiger Woods,2021
Alec Baldwin,2021
Derek Chauvin,2021
Morgan Wallen,2021
Henry Ruggs III,2021
Shailene Woodley,2021
Stimulus update,2021
DMX update,2021
Brian Laundrie update,2021
Gabby Petito update,2021
Hurricane Ida update,2021
Caldor fire update,2021
Dixie fire update,2021
Tiger Woods update,2021
Derek Chauvin update,2021
Severe thunderstorm warning update,2021
Gina Carano,2021
Armie Hammer,2021
Jake Gyllenhaal,2021
Dave Chappelle,2021
Bo Burnham,2021
Dog the Bounty Hunter,2021
Hamster,2021
Twisted tea,2021
Sheesh,2021
Red flag,2021
Dab me up,2021
Trade offer,2021
Vin Diesel family,2021
Suez Canal,2021
Among Us,2021
Battlefield 2042,2021
Resident Evil Village,2021
Valheim,2021
Forza Horizon 5,2021
Madden NFL 22,2021
Outriders,2021
Pokémon Unite,2021
Biomutant,2021
Friday Night Funkin',2021
The Weeknd,2021
Dr. Dre,2021
Olivia Rodrigo,2021
Marilyn Manson,2021
Daft Punk,2021
Bobby Shmurda,2021
"good 4 u, Olivia Rodrigo",2021
"WAP, Cardi B feat. Megan Thee Stallion",2021
"MONTERO (Call Me by Your Name), Lil Nas X",2021
Bridgerton,2021
WandaVision,2021
Ginny and Georgia,2021
Firefly Lane,2021
Manifest,2021
Mare of Easttown,2021
Loki,2021
Midnight Mass,2021
Indie,2021
Dark academia,2021
Cottagecore,2021
Y2K,2021
Kidcore,2021
Coconut girl,2021
Kawaii,2021
Slytherin,2021
Odell Beckham Jr.,2021
Aaron Rodgers,2021
Giannis Antetokounmpo,2021
Christian Eriksen,2021
Jake Paul,2021
TikTok pasta,2021
Bacon jam,2021
Birria tacos,2021
Crockpot chicken,2021
Hamantaschen,2021
Baked oats,2021
Norm Macdonald,2021
Michael K. Williams,2021
Larry King,2021
Colin Powell,2021
Dustin Diamond,2021
Biz Markie,2021
Disneyland tickets,2022
Bad Bunny tickets,2022
Taylor Swift tickets,2022
Phillies tickets,2022
Blink 182 tickets,2022
Black Panther: Wakanda Forever tickets,2022
Paul McCartney tickets,2022
San Diego Padres tickets,2022
Coachella tickets,2022
Steve Lacy tickets,2022
The Watcher,2022
Inventing Anna,2022
House of the Dragon,2022
Moon Knight,2022
Yellowstone,2022
The Summer I Turned Pretty,2022
Obi-Wan Kenobi,2022
She-Hulk: Attorney at Law,2022
Johnny Depp,2022
Will Smith,2022
Amber Heard,2022
Chris Rock,2022
Julia Fox,2022
Ashley Judd,2022
Serena Williams,2022
Joe Burrow,2022
Manti Te'o,2022
Brittney Griner,2022
Eileen Gu,2022
Baker Mayfield,2022
Kamila Valieva,2022
Queen Elizabeth passing,2022
Ukraine,2022
Powerball numbers,2022
Hurricane Ian,2022
Monkeypox,2022
Texas school shooting,2022
Will Smith Oscars,2022
Johnny Depp verdict,2022
Roe v Wade,2022
Diesel shortage,2022
Baby formula shortage,2022
Tampon shortage,2022
Adderall shortage,2022
Sriracha shortage,2022
Food shortage,2022
Cream cheese shortage,2022
Avocado shortage,2022
Lettuce shortage,2022
Epidural shortage,2022
Encanto,2022
Thor: Love and Thunder,2022
Top Gun: Maverick,2022
The Batman,2022
Everything Everywhere All at Once,2022
Black Adam,2022
Jurassic World Dominion,2022
Black Panther: Wakanda Forever,2022
Morbius,2022
Turning Red,2022
Wordle,2022
Betty White,2022
Queen Elizabeth,2022
Bob Saget,2022
Anne Heche,2022
Jeffrey Dahmer,2022
Philadelphia Phillies,2022
Cincinnati Bengals,2022
New York Rangers,2022
San Francisco 49ers,2022
Cleveland Guardians,2022
Calgary Flames,2022
Sugo,2022
Cincinnati Chili,2022
Marry Me Chicken,2022
Quick pancake,2022
Mango pie,2022
Green goddess salad,2022
Jennifer Aniston salad,2022
Grinder sandwich,2022
Bella Hadid sandwich,2022
The Bear spaghetti,2022
Quordle,2022
Elden Ring,2022
Heardle,2022
Worldle,2022
Nerdle,2022
God of War Ragnarök,2022
Lost Ark,2022
Overwatch 2,2022
Globle,2022
Adam Levine,2022
Mary J. Blige,2022
Lil Tjay,2022
Kendrick Lamar,2022
Migos,2022
Tommy Lee,2022
Kate Bush,2022
Ricky Martin,2022
Young Thug,2022
Foo Fighters,2022
We Don't Talk About Bruno - Encanto,2022
Surface Pressure - Encanto,2022
Jiggle Jiggle - Duke & Jones and Louis Theroux,2022
Unholy - Sam Smith and Kim Petras,2022
As It Was - Harry Styles,2022
Running Up That Hill - Kate Bush,2022
Glimpse of Us - Joji,2022
About Damn Time - Lizzo,2022
Anti-Hero - Taylor Swift,2022
What Else Can I Do  - Encanto,2022
Olivia Newton-John,2022
Ray Liotta,2022
Leslie Jordan,2022
Takeoff,2022
Taylor Hawkins,2022
Kari Lake,2022
Anna Sorokin (Delvey),2022
Andrew Tate,2022
Gas prices near me,2022
At home COVID test near me,2022
Voting near me,2022
Early voting near me,2022
PCR test near me,2022
COVID booster near me,2022
Easter egg hunt near me,2022
Where to vote near me,2022
Concerts near me,2022
n95 masks near me,2022
Rupee,2022
Oligarch,2022
Cacao,2022
Homer,2022
Recession,2022
Canny,2022
Foray,2022
Trove,2022
Saute,2022
Tacit,2022
Roman empire trend,2023
Moon phase trend,2023
AI yearbook trend,2023
Instagram notes number trend,2023
Grimace shake trend,2023
Girl dinner trend,2023
Red boots trend,2023
Dupe trend,2023
NPC trend,2023
Damar Hamlin,2023
Jeremy Renner,2023
Travis Kelce,2023
Tucker Carlson,2023
Lil Tay,2023
Andrew Tate,2023
Carlee Russell,2023
Jamie Foxx,2023
Danny Masterson,2023
Matt Rife,2023
Try That In A Small Town - Jason Aldean,2023
Rich Men North of Richmond - Oliver Anthony,2023
Unholy - Sam Smith and Kim Petras,2023
Kill Bill - SZA,2023
Cruel Summer - Taylor Swift,2023
Margaritaville - Jimmy Buffett,2023
Jerry Springer,2023
Jimmy Buffett,2023
Sinéad O'Connor,2023
Tyre Nichols,2023
Lisa Marie Presley,2023
Lasagna soup,2023
Chicken cobbler,2023
Black cake,2023
Pumptini,2023
Hugo spritz,2023
Cowboy butter,2023
Coronation quiche,2023
Brazilian lemonade,2023
Cottage cheese ice cream,2023
The Last of Us,2023
Ginny & Georgia,2023
Queen Charlotte: A Bridgerton Story,2023
Daisy Jones & The Six,2023
Wednesday,2023
That '90s Show,2023
Kaleidoscope,2023
Beef,2023
The Idol,2023
The Fall of the House of Usher,2023
Hogwarts Legacy,2023
Connections,2023
Baldur's Gate 3,2023
Starfield,2023
Diablo IV,2023
The Legend of Zelda: Tears of the Kingdom,2023
Atomic Heart,2023
Dead Island 2,2023
Sons of the Forest,2023
Mortal Kombat 1,2023
Kevin James,2023
Ohio,2023
Police girl,2023
Animan Studios,2023
Selena Gomez,2023
Submarine,2023
Brock Purdy,2023
Lamar Jackson,2023
Jalen Hurts,2023
Nick Chubb,2023
Duke Blue Devils Men's Basketball,2015
Lenny Kravitz,2015
O Rly,2015
Golden State Warriors,2015
Houston Astros,2015
Atlanta Hawks,2015
Better Call Saul,2015
Fear the Walking Dead,2015
Empire,2015
Game of Thrones,2015
Daredevil,2015
Scream Queens,2015
Lip Sync Battle,2015
Hurricane Patricia,2015
Hurricane Joaquin,2015
Tropical Storm Erika,2015
Tropical Storm Danny,2015
Chile Earthquake,2015
Hurricane Ignacio,2015
Valley Fire,2015
Sia,2015
Fetty Wap,2015
Eazy-E,2015
Sam Smith,2015
N.W.A.,2015
Chris Stapleton,2015
Beck,2015
Meghan Trainor,2015
Amy Schumer,2015
Patricia Arquette,2015
Rumer Willis,2015
Bryce Dallas Howard,2015
Alyson Stoner,2015
Lily James,2015
Taraji P. Henson,2015
Natasha Leggero,2015
Ellie Kemper,2015
FC Barcelona,2015
Orlando City Soccer,2015
Arsenal FC,2015
Manchester United FC,2015
Chelsea FC,2015
Real Madrid CF,2015
Boca Juniors,2015
Corinthians,2015
Chivas,2015
AC Milan,2015
Bristol Palin,2015
Jessa Duggar,2015
Tiffani Thiessen,2015
Teyana Taylor,2015
Zooey Deschanel,2015
Ginger Zee,2015
Coco Austin,2015
Maci Bookout,2015
Bill Cosby,2015
Taylor Kinney,2015
Scott Eastwood,2015
James Earl Jones,2015
Tom Holland,2015
Gary Busey,2015
Randy Quaid,2015
Tracy Morgan,2015
Just Do It,2015
John Cena,2015
Drake,2015
Rihanna,2015
Football,2015
How Rude,2015
Good Morning,2015
Kayne,2015
Happy Birthday,2015
Holly Holm,2015
Stephen Curry,2015
Manny Pacquiao,2015
Alex Morgan,2015
Hope Solo,2015
Patrick Kane,2015
DeMarco Murray,2015
Greg Hardy,2015
Shawn Oakman,2015
20/20 Diet,2015
Carb Cycle Diet,2015
Paleo Diet,2015
GM Diet Plan,2015
Military Diet Plan,2015
Atkins Induction Diet,2015
7 Day Soup Diet,2015
500 Calorie Diet,2015
Zero Carb Diet,2015
Yes You Can Diet Plan,2015
Carli Lloyd,2015
Abby Wambach,2015
Megan Rapinoe,2015
Ali Krieger,2015
Julie Johnson,2015
Christen Press,2015
Tobin Heath,2015
Louisa Necib,2015
Kansas City Royals,2015
Texas Rangers,2015
Minnesota Twins,2015
Pittsburgh Pirates,2015
San Diego Padres,2015
Arizona Diamondbacks,2015
Yoga with Adriene,2015
Yoga Challenge,2015
21 Day Fix,2015
Crossfit,2015
Team Beachbody,2015
Back Workouts,2015
Orangetheory Fitness,2015
Kettlebell,2015
Yoga for Kids,2015
Asana Yoga,2015
Bobbi Kristina Brown,2015
Stuart Scott,2015
Sandra Bland,2015
Freddie Gray,2015
Frank Gifford,2015
Leonard Nimoy,2015
Scott Weiland,2015
B.B. King,2015
Christopher Lee,2015
Amanda Peterson,2015
Agar.io,2015
Fallout 4,2015
Mortal Kombat X,2015
Call of Duty: Black Ops III,2015
Star Wars Battlefront,2015
Pokemon GO,2015
Madden 16,2015
NBA 2K16,2015
Bloodborne,2015
Battlefield Hardline,2015
DeAndre Jordan,2015
LaMarcus Aldridge,2015
Zach Lavine,2015
Andre Iguodala,2015
Matthew Dellavedova,2015
Draymond Green,2015
Jahlil Okafor,2015
David West,2015
Kristaps Porzingis,2015
Houston Rockets,2015
Milwaukee Bucks,2015
Chicago Bulls,2015
New Orleans Pelicans,2015
Minnesota Timberwolves,2015
Memphis Grizzlies,2015
Detroit Pistons,2015
Jurassic World,2015
American Sniper,2015
Paris,2015
Chris Kyle,2015
Straight Outta Compton,2015
Julian Edelman,2015
Kam Chancellor,2015
Adrian Peterson,2015
Dez Bryant,2015
Jordy Nelson,2015
Geno Smith,2015
Marcus Mariota,2015
Rob Gronkowski,2015
Lupita Nyong'o,2015
Jennifer Lopez,2015
Gwyneth Paltrow,2015
Cate Blanchett,2015
Dakota Johnson,2015
Rosamund Pike,2015
Melanie Griffith,2015
Scarlett Johansson,2015
Reese Witherspoon,2015
New England Patriots,2015
Carolina Panthers,2015
Green Bay Packers,2015
Indianapolis Colts,2015
Tennessee Titans,2015
Buffalo Bills,2015
Dallas Cowboys,2015
Baltimore Ravens,2015
Minnesota Vikings,2015
Atlanta Falcons,2015
Bud Light Mixxtail,2015
Gose beer,2015
Grapefruit beer,2015
805 beer,2015
SweetWater 420,2015
Blue Moon,2015
Abita Purple Haze,2015
Wild Blue beer,2015
Skol,2015
Miller High Life,2015
Sangria,2015
Moscow Mule,2015
Gimlet,2015
Cosmopolitan,2015
Long Island Iced Tea,2015
Margarita,2015
Mojito,2015
Aviation,2015
Sex on the Beach,2015
Daiquiri,2015
50 Shades of Grey,2015
Furious 7,2015
Pitch Perfect 2,2015
Inside Out,2015
Avengers Age of Ultron,2015
Minions,2015
Mad Max,2015
Hello,2015
Take Me to Church,2015
Blank Space,2015
Uptown Funk,2015
Thinking Out Loud,2015
Hotline Bling,2015
See You Again,2015
Trap Queen,2015
The Hills,2015
Cheerleader,2015
Flu,2015
Gallbladder Infection,2015
Measles,2015
Listeria,2015
Sinus Infection,2015
Gastritis,2015
Anxiety Attack,2015
H. Pylori Infection,2015
Heat stroke,2015
Lactose Intolerance,2015
Pumpkin Seed Recipes,2015
Sweet Potato Fries Recipe,2015
Philly Cheese Steak Recipe,2015
Chicken Recipes,2015
Apple Pie Recipe,2015
Brownie Recipe,2015
Pesto Recipe,2015
Pancake Recipe,2015
Cabbage Recipes,2015
Chili Recipe,2015
Jake Arrieta,2015
Chase Utley,2015
Matt Harvey,2015
Bartolo Colon,2015
Zack Greinke,2015
Josh Hamilton,2015
Cole Hamels,2015
David Wright,2015
James Shields,2015
GOLO Diet,2016
Taco Diet,2016
Military Diet Substitutes,2016
Atkins 40,2016
Ketogenic Diet Foods,2016
Dissociated Diet,2016
The Wild Diet,2016
Pizza Diet,2016
Dukan Diet Results,2016
Mono Diet,2016
Pittsburgh Penguins,2016
San Jose Sharks,2016
St. Louis Blues,2016
Dallas Stars,2016
Toronto Maple Leafs,2016
Philadelphia Flyers,2016
Edmonton Oilers,2016
Washington Capitals,2016
Nashville Predators,2016
Florida Panthers,2016
Hurricane Matthew,2016
Hurricane Hermine,2016
Italy Earthquake,2016
Great Barrier Reef,2016
Japan Earthquake,2016
Houston Flooding,2016
California Earthquake,2016
Black Moon,2016
Orionid Meteor Shower,2016
San Diego Earthquake,2016
Michael Phelps,2016
Ryan Lochte,2016
Simone Biles,2016
Usain Bolt,2016
Aly Raisman,2016
Gabby Douglas,2016
Katie Ledecky,2016
Hope Solo,2016
Laurie Hernandez,2016
Missy Franklin,2016
Rachel Roy,2016
Mary Kate and Ashley Olsen,2016
Angela Simmons,2016
Zendaya,2016
Kendall and Kylie,2016
Beyoncé,2016
Anita Dongre,2016
Sonia Rykiel,2016
Ivanka Trump,2016
Kanye West,2016
Cize workout,2016
Rotator cuff exercises,2016
Steve Reeves workout,2016
Leg exercises,2016
Ab workout,2016
Ectomorph workout,2016
Forearm workout,2016
Martini,2016
Sex on the Beach,2016
Mojito,2016
Old Fashioned,2016
Hot Toddy,2016
Rusty Nail Drink,2016
Mimosa,2016
White Russian Cocktail,2016
Sidney Crosby,2016
Jaromír Jágr,2016
Steven Stamkos,2016
Phil Kessel,2016
P. K. Subban,2016
Auston Matthews,2016
T. J. Oshie,2016
Ben Bishop,2016
Duncan Keith,2016
Budweiser America,2016
Coors,2016
Treehouse Brewing,2016
Delirium Tremens Beer,2016
Snake Venom Beer,2016
Trillium Brewery,2016
India Pale Ale,2016
Tired Hands Brewing,2016
Goose Island,2016
Maui Brewing Company,2016
Formation,2016
Purple Rain,2016
Black Beatles,2016
Panda,2016
One Dance,2016
Cake by the Ocean,2016
Lost Boy,2016
The Sound of Silence,2016
I Took a Pill in Ibiza,2016
Brad Pitt,2016
Tom Hiddleston,2016
Adam Driver,2016
Jesse Williams,2016
Tom Holland,2016
Jeffrey Dean Morgan,2016
Thomas Gibson,2016
Sebastian Stan,2016
Taylor Lautner,2016
Lin-Manuel Miranda,2016
Hillary Clinton,2016
Steven Avery,2016
Cam Newton,2016
Kevin Durant,2016
Cleveland Indians,2016
Boston Red Sox,2016
Los Angeles Dodgers,2016
San Francisco Giants,2016
Washington Nationals,2016
Detroit Tigers,2016
Texas Rangers,2016
Baltimore Orioles,2016
Seattle Mariners,2016
Oklahoma City Thunder,2016
Golden State Warriors,2016
Los Angeles Lakers,2016
Toronto Raptors,2016
San Antonio Spurs,2016
New York Knicks,2016
Miami Heat,2016
Boston Celtics,2016
Philadelphia 76ers,2016
Puppy Monkey Baby,2016
Bautista Bat Flip,2016
Dat Boi,2016
Just Do It,2016
Dancing Kid,2016
Good For You,2016
Jungle Book,2016
Suh Dude,2016
Pride and Prejudice,2016
Steven Adams,2016
Draymond Green,2016
Dwight Howard,2016
Dwyane Wade,2016
Brandon Ingram,2016
Buddy Hield,2016
Ben Simmons,2016
Al Horford,2016
Joakim Noah,2016
Meghan Markle,2016
Marion Cotillard,2016
Jodie Sweetin,2016
Daisy Ridley,2016
Brie Larson,2016
Jenna Dewan Tatum,2016
Leslie Jones,2016
Kate McKinnon,2016
Alicia Vikander,2016
Millie Bobby Brown,2016
Stranger Things,2016
Making a Murderer,2016
Fuller House,2016
Westworld,2016
The People v. O.J. Simpson: American Crime Story,2016
Game of Thrones,2016
Luke Cage,2016
American Horror Story,2016
Lip Sync Battle,2016
Dancing with the Stars,2016
Mike Pence,2016
Gary Johnson,2016
Tim Kaine,2016
John Kasich,2016
Merrick Garland,2016
Powerball,2016
Prince,2016
Pokémon Go,2016
Slither.io,2016
Olympics,2016
David Bowie,2016
Trump,2016
Election,2016
Kris Bryant,2016
Anthony Rizzo,2016
David Ross,2016
Curt Schilling,2016
Aroldis Chapman,2016
Coco Crisp,2016
Addison Russell,2016
Jake Arrieta,2016
Adam Laroche,2016
Trevor Story,2016
Sharon Osbourne,2016
Usher,2016
Justin Timberlake,2016
Jared Leto,2016
Coco Austin,2016
Katy Perry,2016
Carolina Panthers,2016
Denver Broncos,2016
Agar.io,2016
Overwatch,2016
Warcraft,2016
Dark Souls 3,2016
Blade and Soul,2016
Madden 17,2016
No Mans Sky,2016
Call of Duty Infinite Warfare,2016
Super Tuesday,2016
Primary Election Results,2016
Iowa Caucus,2016
Popular Vote,2016
New Hampshire Primary,2016
Republican Debate,2016
South Carolina Primary,2016
California Primary,2016
New York Primary,2016
Nevada Caucus,2016
Green Bean Casserole,2016
Brussel Sprouts,2016
Hashbrown Casserole,2016
Chicken Marsala,2016
Chicken Tetrazzini,2016
Snow Cream,2016
Buttercream Frosting,2016
Pork Chops,2016
Turkey Gravy,2016
Colin Kaepernick,2016
Dak Prescott,2016
Carson Wentz,2016
Laremy Tunsil,2016
Joey Bosa,2016
Jimmy Garoppolo,2016
Josh Norman,2016
Derrick Henry,2016
Neymar,2016
Raheem Sterling,2016
Paul Pogba,2016
Pepe,2016
Mesut Özil,2016
Antoine Griezmann,2016
Robert Lewandowsk,2016
Big Mac,2016
Quinoa,2016
Glass of Wine,2016
Eggplant,2016
Persimmon,2016
Boiled Egg,2016
Miso Soup,2016
Steak,2016
Pho,2016
Los Angeles Rams,2016
Minnesota Vikings,2016
Pittsburgh Steelers,2016
Oakland Raiders,2016
Washington Redskins,2016
Houston Texans,2016
Arizona Cardinals,2016
Tennessee Titans,2016
Suicide Squad,2016
Batman v Superman,2016
Finding Dory,2016
The Revenant,2016
Zootopia,2016
Hacksaw Ridge,2016
Doctor Strange,2016
10 Cloverfield Lane,2016
Ghostbusters,2016
Me Before You,2016
Jennifer Garner,2016
Jennifer Lawrence,2016
Charlize Theron,2016
Priyanka Chopra,2016
Cate Blanchett,2016
Kate Winslet,2016
Olivia Wilde,2016
Liverpool F.C.,2016
C.D. Guadalajara,2016
Leicester City F.C.,2016
Borussia Dortmund,2016
Sevilla FC,2016
Cruz Azul,2016
Everton F.C.,2016
C.F. Monterrey,2016
A.S. Roma,2016
Seattle Sounders FC,2016
Toronto FC,2016
Portland Timbers,2016
Sporting KC,2016
D.C. United,2016
FC Dallas,2016
Real Salt Lake,2016
Houston Dynamo,2016
Philadelphia Union,2016
Colorado Rapids,2016
Harambe,2016
Damn Daniel,2016
SpongeBob Caveman,2016
Ken Bone,2016
Birdman,2016
Soccer,2016
Basketball,2016
Gymnastics,2016
Tennis,2016
Swimming,2016
Golf,2016
Track and Field,2016
Boxing,2016
Beach Volleyball,2016
Diving,2016
Christina Grimmie,2016
Muhammad Ali,2016
Alan Rickman,2016
José Fernández,2016
Gene Wilder,2016
Kimbo Slice,2016
Big Ang,2016
Anton Yelchin,2016
Olympics Opening Ceremony,2016
Olympics Closing Ceremony,2016
Olympic Bike Crash,2016
Olympic Refugee Team,2016
Olympics Green Pool,2016
Olympic Torch Lighting,2016
Triplets in Olympics,2016
US Disqualified 4x100,2016
Olympics Cupping,2016
Honda,2016
Mercedes-Benz,2016
Tesla,2016
Lamborghini,2016
Volvo,2016
Ford,2016
Jaguar,2016
Bentley,2016
Maserati,2016
Rolls-Royce,2016
Conor McGregor,2016
Brexit,2016
Zika Virus,2016
El Chapo,2016
Brussels,2016
Nice France,2016
Panama Papers,2016
Aleppo,2016
Céline Dion,2016
Kesha,2016
Kehlani,2016
Coldplay,2016
Teyana Taylor,2016
Grace Vanderwaal,2016
Jacob Sartorius,2016
Guns N' Roses,2016
iPhone SE,2016
iOS 10,2016
Google Pixel,2016
Iphone 7 Plus,2016
Nintendo Switch,2016
iPhone 7,2016
NES Classic Edition,2016
Galaxy S7,2016
Playstation VR,2016
PS4 Pro,2016
Elena Delle Donne,2016
Breanna Stewart,2016
Candace Parker,2016
Diana Taurasi,2016
Maya Moore,2016
Sue Bird,2016
Tamika Catchings,2016
Glory Johnson,2016
Kara Lawson,2016
Swin Cash,2016
Golden Retriever,2017
Poodle,2017
Pembroke Welsh Corgi,2017
French Bulldog,2017
Australian Shepherd,2017
Beagle,2017
Goldendoodle,2017
Australian Cattle Dog,2017
Shiba Inu,2017
Border Collie,2017
New York Yankees,2017
Houston Astros,2017
Boston Celtics,2017
Los Angeles Dodgers,2017
Atlanta Falcons,2017
Dallas Cowboys,2017
New England Patriots,2017
Pittsburgh Steelers,2017
Philadelphia Eagles,2017
Cardi B,2017
Lil Pump,2017
Joyner Lucas,2017
Jason Aldean,2017
Danielle Bregoli,2017
Post Malone,2017
Aaron Carter,2017
Remy Ma,2017
Montgomery Gentry,2017
Game of Thrones,2017
This Is Us,2017
Iron Fist,2017
Riverdale,2017
Bachelor in Paradise,2017
The Good Doctor,2017
Santa Clarita Diet,2017
Big Little Lies,2017
American Gods,2017
iPhone 8,2017
iPhone X,2017
Nintendo Switch,2017
Samsung Galaxy S8,2017
Razer Phone,2017
iPhone 8 Plus,2017
Super NES Classic,2017
Google Pixel 2,2017
Apple Watch 3,2017
Samsung Galaxy Note 8,2017
Meghan Markle,2017
Kevin Spacey,2017
Gal Gadot,2017
Louis C.K,2017
Meryl Streep,2017
Bill Skarsgård,2017
Millie Bobby Brown,2017
Tom Holland,2017
Maia Campbell,2017
Tommy Wiseau,2017
Monkey selfie,2017
Al Sharpton selfie,2017
Nia Jax selfie,2017
Eclipse selfie,2017
Kaia Gerber selfie,2017
Selfie rat,2017
Heidi Klum selfie,2017
Phil Mickelson selfie,2017
Ellen selfie,2017
Duck face selfie,2017
Tom Petty,2017
Aaron Hernandez,2017
Chris Cornell,2017
Bill Paxton,2017
Hugh Hefner,2017
Chester Bennington,2017
Charlie Murphy,2017
Lil Peep,2017
Jim Nabors,2017
David Cassidy,2017
Floyd Mayweather,2017
Gordon Hayward,2017
Aaron Boone,2017
Paul George,2017
Tony Romo,2017
Aaron Judge,2017
Lonzo Ball,2017
Carmelo Anthony,2017
Sergio Garcia,2017
Isaiah Thomas,2017
Beef Stroganoff recipe,2017
Apple Crisps recipe,2017
Corn Casserole recipe,2017
Brine Turkey recipe,2017
Zucchini recipe,2017
Chicken Parmesan recipe,2017
Pork Chops recipe,2017
Hard Boiled Egg recipe,2017
Yams recipe,2017
Hashbrown Casserole recipe,2017
Hurricane Irma,2017
Matt Lauer,2017
Super Bowl,2017
Las Vegas shooting,2017
Mayweather vs McGregor fight,2017
Solar eclipse,2017
Hurricane Harvey,2017
Fidget Spinner,2017
Harvey Weinstein,2017
Michael Flynn,2017
Bill O'Reilly,2017
Melania Trump,2017
Kathy Griffin,2017
Milo Yiannopoulos,2017
Unicorn Frappuccino calories,2017
Grand Mac calories,2017
Naked Chicken Chalupa calories,2017
Mac Jr calories,2017
Cascara Latte calories,2017
Triple Double Crunchwrap calories,2017
Coconut Milk Mocha Macchiato calories,2017
Poke Bowl calories,2017
Zima calories,2017
McDonalds Ice Cream Cone calories,2017
NFL National Anthem protests,2017
Charlottesville protests,2017
Boston Free Speech rally,2017
UC Berkeley protests,2017
St. Louis protests,2017
Airport protests,2017
D.C. protest,2017
Venezuelan protests,2017
Women's March,2017
May Day protests,2017
Solar Eclipse,2017
Bitcoin Price,2017
North Korea,2017
Hurricane Jose,2017
Hurricane Maria,2017
April the Giraffe,2017
DACA,2017
Ford,2017
Lexus,2017
Kia,2017
Toyota,2017
Honda,2017
Buick,2017
Acura,2017
Tesla,2017
Hyundai,2017
Dodge,2017
Despacito,2017
Humble.,2017
Bad and Boujee,2017
Look What You Made Me Do,2017
Bodak Yellow,2017
Gucci Gang,2017
Havana,2017
Shape of You,2017
Mask Off,2017
Side to Side,2017
Murph crossfit workout,2017
Bungee workout,2017
Tabata workout,2017
TRX workout,2017
Burpees exercise,2017
HIIT workout routine,2017
Piyo workout,2017
Inner thigh workout,2017
17.2 workout,2017
Oblique workout,2017
IT,2017
Beauty and the Beast,2017
Wonder Woman,2017
Get Out,2017
Justice League,2017
Logan,2017
Baby Driver,2017
Guardians of the Galaxy Vol 2,2017
Hidden Figures,2017
Dunkirk,2017
Fortnite,2018
Red Dead Redemption 2,2018
Fallout 76,2018
Far Cry 5,2018
God of War,2018
Monster Hunter: World,2018
Sea of Thieves,2018
Call of Duty: Black Ops 4,2018
Kingdom Come: Deliverance,2018
Zombs Royale,2018
Bohemian Rhapsody,2018
This Is America,2018
Baby Shark,2018
God's Plan,2018
Killshot,2018
In My Feelings,2018
Electric Slide,2018
"thank u, next",2018
Mo Bamba,2018
Lucid Dreams,2018
Royal Wedding,2018
Priyanka Chopra Wedding,2018
Princess Eugenie Wedding,2018
Kat Von D Wedding,2018
Deepika Padukone Wedding,2018
Joe Scarborough and Mika Wedding,2018
Kit Harington Wedding,2018
Jordan Spieth Wedding,2018
Emily Ratajkowski wedding,2018
Kane Brown Wedding,2018
Fortnite GIF,2018
Default Dance GIF,2018
Dilly Dilly GIF,2018
Orange Justice GIF,2018
Black Panther GIF,2018
Cat Curling GIF,2018
Ugandan Knuckles GIF,2018
Draymond Green GIF,2018
Cardi B GIF,2018
Floss Dance GIF,2018
Demi Lovato,2018
Meghan Markle,2018
Brett Kavanaugh,2018
Logan Paul,2018
Khloé Kardashian,2018
Eminem,2018
Urban Meyer,2018
Ariana Grande,2018
Rick Ross,2018
Cardi B,2018
Mac Miller,2018
Kate Spade,2018
Anthony Bourdain,2018
Stan Lee,2018
Aretha Franklin,2018
XXXTentacion,2018
Mollie Tibbetts,2018
Avicii,2018
Burt Reynolds,2018
John McCain,2018
Unicorn cake,2018
Romaine lettuce,2018
CBD gummies,2018
Keto pancakes,2018
Keto cheesecake,2018
Necco Wafers,2018
Keto cookies,2018
Keto chili,2018
Keto brownies,2018
Gochujang,2018
1980s fashion,2018
Grunge style,2018
1990s fashion,2018
2000s fashion,2018
Men's Fashion,2018
Harajuku fashion,2018
Hipster style,2018
Kate Middleton,2018
80s mens fashion,2018
Boston Red Sox,2018
Philadelphia Eagles,2018
New York Yankees,2018
Los Angeles Dodgers,2018
Los Angeles Lakers,2018
Boston Celtics,2018
Cleveland Browns,2018
Chicago Bears,2018
Milwaukee Brewers,2018
World Cup,2018
Hurricane Florence,2018
Mega Millions,2018
Election Results,2018
Hurricane Michael,2018
Kavanaugh Confirmation,2018
Florida Shooting,2018
Olympic Medal Count,2018
Government Shutdown,2018
Roseanne,2018
Altered Carbon,2018
The Haunting of Hill House,2018
American Idol,2018
Lost in Space,2018
Corbra Kai,2018
Castle Rock,2018
Westworld,2018
Insatiable,2018
On My Block,2018
Black Panther,2018
Incredibles 2,2018
Deadpool 2,2018
Avengers: Infinity War,2018
A Quiet Place,2018
A Star Is Born,2018
Venom,2018
Hereditary,2018
The Nun,2018
Keto diet,2018
Dubrow diet,2018
Noom diet,2018
Carnivore diet,2018
Mediterranean diet,2018
Optavia diet,2018
Dr. Gundry diet,2018
Fasting diet,2018
Fodmap diet,2018
The Shepherd's Diet,2018
Bill Cosby,2018
Sylvester Stallone,2018
Pete Davidson,2018
Michael B. Jordan,2018
Allison Mack,2018
Noah Centineo,2018
Bradley Cooper,2018
Roseanne Barr,2018
Chadwick Boseman,2018
Tristan Thompson,2018
Shaun White,2018
Lindsey Vonn,2018
Le'Veon Bell,2018
Kawhi Leonard,2018
Dez Bryant,2018
Nick Foles,2018
Chloe Kim,2018
Naomi Osaka,2018
Johnny Weir,2018
Travis Scott,2018
Childish Gambino,2018
Machine Gun Kelly,2018
Meek Mill,2018
Queen,2018
Mega Millions Results,2018
Fashion Nova,2018
Louis Vuitton,2018
Versace,2018
Givenchy,2018
Gucci,2018
Alexander McQueen,2018
Dolce & Gabbana,2018
Fashionphile,2018
Dior,2018
Moschino,2018
Stacey Abrams,2018
Beto O'Rourke,2018
Andrew Gillum,2018
Alexandria Ocasio-Cortez,2018
Nikki Haley,2018
Lindsey Graham,2018
Kyrsten Sinema,2018
Nancy Pelosi,2018
Susan Collins,2018
Disney Plus,2019
Cameron Boyce,2019
Nipsey Hussle,2019
Hurricane Dorian,2019
Antonio Brown,2019
Luke Perry,2019
Avengers: Endgame,2019
Game of Thrones,2019
iPhone 11,2019
Jussie Smollett,2019
Bryce Harper,2019
David Ortiz,2019
Andrew Luck,2019
Myles Garrett,2019
Megan Rapinoe,2019
Russell Westbrook,2019
Zion Williamson,2019
Melvin Gordon,2019
Alex Morgan,2019
Farmhouse style,2019
Colonial house style,2019
Cape Cod house style,2019
Spanish style house,2019
Art deco style,2019
Japanese style house,2019
Craftsman style home,2019
Transitional style,2019
Prairie style homes,2019
Modern style homes,2019
R. Kelly,2019
21 Savage,2019
Billie Eilish,2019
Lil Nas X,2019
A$AP Rocky,2019
Mötley Crüe,2019
Lizzo,2019
Gladys Knight,2019
Tekashi 69,2019
Joy Villa,2019
Washington Nationals,2019
Boston Bruins,2019
St. Louis Cardinals,2019
Dallas Cowboys,2019
St. Louis Blues,2019
Milwaukee Bucks,2019
Chicago Bears,2019
Minnesota Twins,2019
Toronto Raptors,2019
Tampa Bay Rays,2019
Stranger Things,2019
When They See Us,2019
Chernobyl,2019
The Mandalorian,2019
The Umbrella Academy,2019
Euphoria,2019
Dead to Me,2019
Surviving R. Kelly,2019
The Boys,2019
EGirl outfit,2019
Eboy outfit,2019
Soft girl outfit,2019
Biker shorts outfit,2019
VSCO girl outfit,2019
Dickies outfit,2019
White jeans outfit,2019
Fila outfit,2019
Champion outfit,2019
Leather pants outfit,2019
Old Town Road,2019
7 Rings,2019
Shallow,2019
Sunflower,2019
Truth Hurts,2019
Lose You To Love Me,2019
Sicko Mode,2019
"thank u, next",2019
Act Up,2019
Bury a Friend,2019
Baby Yoda,2019
Baby Shark,2019
Royal baby,2019
Kim Kardashian Kanye West baby,2019
Cardi B baby,2019
Trey Songz baby,2019
Andy Cohen baby,2019
Shawn Johnson baby,2019
Amy Schumer baby,2019
Hoda Kotb baby,2019
Captain Marvel,2019
Joker,2019
Toy Story 4,2019
The Lion King,2019
IT Chapter Two,2019
Frozen 2,2019
Once Upon a Time In Hollywood,2019
Midsommar,2019
Scary Stories to Tell in the Dark,2019
Miranda Lambert,2019
Jennifer Lawrence,2019
Justin Bieber,2019
Chiquis Rivera,2019
Chris Pratt,2019
Joe Jonas,2019
Elvis Duran,2019
Zoë Kravitz,2019
Jake Paul Tana Mongeau,2019
James Charles,2019
Kevin Hart,2019
Lori Loughlin,2019
Jordyn Woods,2019
Robert Kraft,2019
Jeffrey Epstein,2019
Tyler Skaggs,2019
Beth Chapman,2019
John Witherspoon,2019
John Singleton,2019
Eddie Money,2019
Elijah Cummings,2019
Billy Porter,2019
Cardi B,2019
Amy Schumer husband,2019
Jenny McCarthy,2019
BTS,2019
Richard Madden,2019
Brie Larson,2019
Brienne of Tarth,2019
Intermittent fasting diet,2019
Dr. Sebi diet,2019
Noom diet,2019
1200 calories diet,2019
Golo diet,2019
Dubrow diet,2019
Sirtfood diet,2019
No Carbs no sugar diet,2019
Endomorph diet,2019
Jlo diet,2019
Shepherd's pie,2019
Chicken parmigiana,2019
Ham glaze,2019
Charoset,2019
Snickerdoodle cookies,2019
Chaffle,2019
Chicken cacciatore,2019
Popeyes chicken sandwich,2019
Tater tot casserole,2019
King cake,2019
Felicity Huffman,2019
Keanu Reeves,2019
Rami Malek,2019
Joaquin Phoenix,2019
Kate Beckinsale,2019
Halle Bailey,2019
Maisie Williams,2019
Notre Dame Cathedral,2019
Women's World Cup,2019
Area 51 raid,2019
Copa America,2019
El Paso shooting,2019
Sri Lanka,2019
Government shutdown,2019
Equifax data breach settlement,2019
California earthquake,2019
Tiger King,2020
Cobra Kai,2020
Ozark,2020
The Umbrella Academy,2020
The Queen's Gambit,2020
Little Fires Everywhere,2020
Outer Banks,2020
Ratched,2020
All American,2020
The Last Dance,2020
Sourdough bread,2020
Whipped coffee,2020
Disney churro,2020
Dole Whip,2020
DoubleTree cookie,2020
Ikea meatball,2020
Chaffle,2020
Hamburger bun,2020
Egg salad sandwich,2020
Healthy banana bread,2020
Virtual field trips,2020
Virtual museum tours,2020
Virtual Kentucky Derby,2020
Virtual learning,2020
Virtual NBA fans,2020
Juneteenth,2020
BIPOC,2020
Quarantine,2020
Simp,2020
Furlough,2020
Elon Musk baby,2020
Baby platypus,2020
Ice Age baby,2020
Anderson Cooper baby,2020
Baby Nut,2020
Nicki Minaj baby,2020
Katy Perry baby,2020
Ed Sheeran baby,2020
Cameron Diaz baby,2020
Cocomelon baby,2020
Election results,2020
Jontron,2015
Ceiling Cat,2015
Bread,2015
Nothing Much,2015
New York Mets,2015
Toronto Blue Jays,2015
Chicago Cubs,2015
Tampa Bay Lightning,2015
Cleveland Cavaliers,2015
Michigan State Spartans Football,2015
Jessica Jones,2015
American Horror Story: Hotel,2015
Quantico,2015
Tropical Storm Bill,2015
Nepal Earthquake,2015
Butte Fire,2015
Pepe the Frog,2015
Rickrolling,2015
Who Knows,2015
Florida Man,2015
Rick Astley,2015
Al Roker,2015
Caitlyn Jenner,2015
Charlie Sheen,2015
Minnesota Lynx,2015
Carly Fiorina,2015
Jimmy Carter,2015
Justin Trudeau,2015
Malia Obama,2015
Miss Lebanon,2015
Bald Eagle,2015
Anna Kendrick,2015
James Franco,2015
Lady Gaga,2015
Miley Cyrus,2015
Kylie Jenner,2015
Cristiano Ronaldo,2015
Lionel Messi,2015
Neymar da Silva Santos Jr,2015
Zlatan Ibrahimović,2015
Luis Suárez,2015
Gareth Bale,2015
Wayne Rooney,2015
James Rodríguez,2015
Marco Reus,2015
Eden Hazard,2015
Lamar Odom,2015
Ronda Rousey,2015
Ruby Rose,2015
Rachel Dolezal,2015
Adele,2015
Josh Duggar,2015
New York Liberty,2015
Chicago Sky,2015
Phoenix Mercury,2015
Indiana Fever,2015
Los Angeles Sparks,2015
Atlanta Dream,2015
Seattle Storm,2015
Washington Mystics,2015
San Antonio Stars,2015
Kim Kardashian,2015
Brian Williams,2015
